{
  "all_results": [
    {
      "dataset": "rel-stack",
      "task": "user-engagement",
      "task_type": "binary_classification",
      "join": "badges.UserId -> users.Id",
      "child_table": "badges",
      "parent_table": "users",
      "fk_col": "UserId",
      "n_train": 20256,
      "n_val": 8682,
      "n_base_features": 2,
      "n_aug_features": 4,
      "baseline_mean": 0.7872975768321512,
      "baseline_std": 1.1102230246251565e-16,
      "augmented_mean": 0.9136636693684567,
      "augmented_std": 1.1102230246251565e-16,
      "jrn_mean": 1.1605061367580534,
      "jrn_std": 0.0,
      "entropy_reduction": 0.0,
      "mutual_information": 0.068088708918431,
      "pearson_correlation": 0.474599073456269,
      "mean_fanout": 3.27034159627991,
      "log_mean_fanout": 1.451693823169558,
      "homophily": 0.96705
    },
    {
      "dataset": "rel-stack",
      "task": "user-engagement",
      "task_type": "binary_classification",
      "join": "comments.UserId -> users.Id",
      "child_table": "comments",
      "parent_table": "users",
      "fk_col": "UserId",
      "n_train": 20256,
      "n_val": 8682,
      "n_base_features": 2,
      "n_aug_features": 4,
      "baseline_mean": 0.7872975768321512,
      "baseline_std": 1.1102230246251565e-16,
      "augmented_mean": 0.9771542553191489,
      "augmented_std": 0.0,
      "jrn_mean": 1.2411498321269117,
      "jrn_std": 0.0,
      "entropy_reduction": 0.0,
      "mutual_information": 0.10223742674396541,
      "pearson_correlation": 0.31470390363561895,
      "mean_fanout": 11.50355089617856,
      "log_mean_fanout": 2.526012675661816,
      "homophily": 0.96705
    },
    {
      "dataset": "rel-stack",
      "task": "user-engagement",
      "task_type": "binary_classification",
      "join": "posts.OwnerUserId -> users.Id",
      "child_table": "posts",
      "parent_table": "users",
      "fk_col": "OwnerUserId",
      "n_train": 20256,
      "n_val": 8682,
      "n_base_features": 2,
      "n_aug_features": 5,
      "baseline_mean": 0.7872975768321512,
      "baseline_std": 1.1102230246251565e-16,
      "augmented_mean": 0.984474417426545,
      "augmented_std": 0.0,
      "jrn_mean": 1.2504476660372486,
      "jrn_std": 0.0,
      "entropy_reduction": 0.0,
      "mutual_information": 0.10926594962724478,
      "pearson_correlation": 0.5762163973818825,
      "mean_fanout": 3.904110239961986,
      "log_mean_fanout": 1.590073677981979,
      "homophily": 0.96915
    },
    {
      "dataset": "rel-stack",
      "task": "user-engagement",
      "task_type": "binary_classification",
      "join": "postHistory.UserId -> users.Id",
      "child_table": "postHistory",
      "parent_table": "users",
      "fk_col": "UserId",
      "n_train": 20256,
      "n_val": 8682,
      "n_base_features": 2,
      "n_aug_features": 5,
      "baseline_mean": 0.7872975768321512,
      "baseline_std": 1.1102230246251565e-16,
      "augmented_mean": 0.9143399611617697,
      "augmented_std": 0.0,
      "jrn_mean": 1.1613651407906003,
      "jrn_std": 0.0,
      "entropy_reduction": 0.0,
      "mutual_information": 0.07212484817873177,
      "pearson_correlation": 0.4147571387036799,
      "mean_fanout": 12.947024622192929,
      "log_mean_fanout": 2.6352661967864086,
      "homophily": 0.96705
    },
    {
      "dataset": "rel-stack",
      "task": "user-engagement",
      "task_type": "binary_classification",
      "join": "votes.UserId -> users.Id",
      "child_table": "votes",
      "parent_table": "users",
      "fk_col": "UserId",
      "n_train": 20256,
      "n_val": 8682,
      "n_base_features": 2,
      "n_aug_features": 5,
      "baseline_mean": 0.7872975768321512,
      "baseline_std": 1.1102230246251565e-16,
      "augmented_mean": 0.7907689547450186,
      "augmented_std": 0.0,
      "jrn_mean": 1.0044092323093832,
      "jrn_std": 0.0,
      "entropy_reduction": 0.0,
      "mutual_information": 0.002833051648829965,
      "pearson_correlation": 0.11509745718431501,
      "mean_fanout": 1.986963190184049,
      "log_mean_fanout": 1.0942572158182502,
      "homophily": 0.9674
    },
    {
      "dataset": "rel-stack",
      "task": "user-badge",
      "task_type": "binary_classification",
      "join": "badges.UserId -> users.Id",
      "child_table": "badges",
      "parent_table": "users",
      "fk_col": "UserId",
      "n_train": 20256,
      "n_val": 8682,
      "n_base_features": 2,
      "n_aug_features": 4,
      "baseline_mean": 0.8514074841879973,
      "baseline_std": 0.0,
      "augmented_mean": 1.0,
      "augmented_std": 0.0,
      "jrn_mean": 1.1745257336488157,
      "jrn_std": 0.0,
      "entropy_reduction": 0.0,
      "mutual_information": 0.2207811560337054,
      "pearson_correlation": 0.5286167210996147,
      "mean_fanout": 3.27034159627991,
      "log_mean_fanout": 1.451693823169558,
      "homophily": 0.94225
    },
    {
      "dataset": "rel-stack",
      "task": "user-badge",
      "task_type": "binary_classification",
      "join": "comments.UserId -> users.Id",
      "child_table": "comments",
      "parent_table": "users",
      "fk_col": "UserId",
      "n_train": 20256,
      "n_val": 8682,
      "n_base_features": 2,
      "n_aug_features": 4,
      "baseline_mean": 0.8514074841879973,
      "baseline_std": 0.0,
      "augmented_mean": 0.9128234382348142,
      "augmented_std": 0.0,
      "jrn_mean": 1.0721346184845795,
      "jrn_std": 0.0,
      "entropy_reduction": 0.0,
      "mutual_information": 0.05759008300978863,
      "pearson_correlation": 0.1585723255374426,
      "mean_fanout": 11.50355089617856,
      "log_mean_fanout": 2.526012675661816,
      "homophily": 0.94225
    },
    {
      "dataset": "rel-stack",
      "task": "user-badge",
      "task_type": "binary_classification",
      "join": "posts.OwnerUserId -> users.Id",
      "child_table": "posts",
      "parent_table": "users",
      "fk_col": "OwnerUserId",
      "n_train": 20256,
      "n_val": 8682,
      "n_base_features": 2,
      "n_aug_features": 5,
      "baseline_mean": 0.8514074841879973,
      "baseline_std": 0.0,
      "augmented_mean": 0.9207048458149781,
      "augmented_std": 1.1102230246251565e-16,
      "jrn_mean": 1.0813915345048568,
      "jrn_std": 0.0,
      "entropy_reduction": 0.0,
      "mutual_information": 0.06540357553346943,
      "pearson_correlation": 0.4439139741168805,
      "mean_fanout": 3.904110239961986,
      "log_mean_fanout": 1.590073677981979,
      "homophily": 0.9431
    },
    {
      "dataset": "rel-stack",
      "task": "user-badge",
      "task_type": "binary_classification",
      "join": "postHistory.UserId -> users.Id",
      "child_table": "postHistory",
      "parent_table": "users",
      "fk_col": "UserId",
      "n_train": 20256,
      "n_val": 8682,
      "n_base_features": 2,
      "n_aug_features": 5,
      "baseline_mean": 0.8514074841879973,
      "baseline_std": 0.0,
      "augmented_mean": 0.9171501444434847,
      "augmented_std": 1.1102230246251565e-16,
      "jrn_mean": 1.0772164462686014,
      "jrn_std": 0.0,
      "entropy_reduction": 0.0,
      "mutual_information": 0.06431317604669595,
      "pearson_correlation": 0.37843353995611073,
      "mean_fanout": 12.947024622192929,
      "log_mean_fanout": 2.6352661967864086,
      "homophily": 0.94225
    },
    {
      "dataset": "rel-stack",
      "task": "user-badge",
      "task_type": "binary_classification",
      "join": "votes.UserId -> users.Id",
      "child_table": "votes",
      "parent_table": "users",
      "fk_col": "UserId",
      "n_train": 20256,
      "n_val": 8682,
      "n_base_features": 2,
      "n_aug_features": 5,
      "baseline_mean": 0.8514074841879973,
      "baseline_std": 0.0,
      "augmented_mean": 0.851855450942002,
      "augmented_std": 0.0,
      "jrn_mean": 1.0005261484803976,
      "jrn_std": 0.0,
      "entropy_reduction": 0.0,
      "mutual_information": 0.0020524135582498104,
      "pearson_correlation": 0.11004194293147954,